 fr 	 true 	 2013-06-27T14:06:52+02:00
 fr 	 false 	 2013-06-27T14:07:34+02:00
 vi 	 false 	 2013-07-01T17:35:25+02:00
 fr 	 false 	 2013-07-10T10:03:16+02:00
 fr 	 true 	 2013-07-10T10:04:04+02:00
 fr 	 true 	 2013-07-10T10:36:07+02:00
 fr 	 true 	 2013-07-10T10:45:59+02:00
 vi 	 true 	 2013-07-10T13:36:10+02:00
 vi 	 false 	 2013-07-10T16:29:12+02:00
 vi 	 true 	 2013-07-10T19:11:51+02:00
 vi 	 true 	 2013-07-10T19:19:29+02:00
 vi 	 true 	 2013-07-10T19:27:41+02:00
 vi 	 true 	 2013-07-10T19:32:12+02:00
 vi 	 true 	 2013-07-10T19:41:26+02:00
 vi 	 true 	 2013-07-10T19:52:15+02:00
 vi 	 false 	 2013-07-10T19:56:14+02:00
 vi 	 true 	 2013-07-10T19:58:11+02:00
 vi 	 true 	 2013-07-10T20:08:29+02:00
 vi 	 true 	 2013-07-10T20:09:16+02:00
 vi 	 false 	 2013-07-10T20:09:36+02:00
 vi 	 true 	 2013-07-10T20:43:27+02:00
 vi 	 true 	 2013-07-10T20:44:04+02:00
 vi 	 true 	 2013-07-10T20:52:45+02:00
 vi 	 true 	 2013-07-10T20:55:08+02:00
 vi 	 true 	 2013-07-10T20:55:11+02:00
 vi 	 true 	 2013-07-10T21:00:52+02:00
 vi 	 true 	 2013-07-10T21:03:16+02:00
 vi 	 true 	 2013-07-10T21:15:07+02:00
 vi 	 true 	 2013-07-10T21:23:36+02:00
 vi 	 true 	 2013-07-10T21:26:58+02:00
 vi 	 true 	 2013-07-10T21:27:18+02:00
 vi 	 true 	 2013-07-10T21:29:37+02:00
 vi 	 true 	 2013-07-10T21:44:17+02:00
 vi 	 true 	 2013-07-10T21:49:46+02:00
 vi 	 true 	 2013-07-10T22:09:13+02:00
 vi 	 true 	 2013-07-10T22:11:56+02:00
 vi 	 true 	 2013-07-10T22:21:57+02:00
 vi 	 false 	 2013-07-10T22:27:28+02:00
 vi 	 false 	 2013-07-10T22:42:27+02:00
 vi 	 true 	 2013-07-10T22:54:25+02:00
 vi 	 true 	 2013-07-10T23:33:27+02:00
 vi 	 false 	 2013-07-10T23:42:25+02:00
 vi 	 true 	 2013-07-10T23:55:28+02:00
 vi 	 true 	 2013-07-10T23:56:26+02:00
 vi 	 true 	 2013-07-11T00:01:05+02:00
 vi 	 false 	 2013-07-11T00:02:12+02:00
 vi 	 true 	 2013-07-11T00:02:15+02:00
 vi 	 true 	 2013-07-11T00:02:37+02:00
 vi 	 true 	 2013-07-11T00:04:00+02:00
 vi 	 true 	 2013-07-11T00:05:41+02:00
 vi 	 true 	 2013-07-11T00:06:51+02:00
 vi 	 true 	 2013-07-11T00:09:28+02:00
 vi 	 true 	 2013-07-11T00:10:46+02:00
 vi 	 true 	 2013-07-11T00:12:28+02:00
 vi 	 false 	 2013-07-11T00:13:10+02:00
 vi 	 true 	 2013-07-11T00:24:33+02:00
 vi 	 true 	 2013-07-11T00:26:09+02:00
 vi 	 false 	 2013-07-11T00:28:19+02:00
 vi 	 true 	 2013-07-11T00:32:37+02:00
 vi 	 false 	 2013-07-11T00:36:29+02:00
 vi 	 true 	 2013-07-11T00:36:45+02:00
 vi 	 true 	 2013-07-11T00:47:31+02:00
 vi 	 false 	 2013-07-11T00:51:42+02:00
 vi 	 true 	 2013-07-11T00:57:57+02:00
 vi 	 true 	 2013-07-11T01:01:07+02:00
 vi 	 true 	 2013-07-11T01:02:24+02:00
 vi 	 true 	 2013-07-11T01:03:17+02:00
 vi 	 true 	 2013-07-11T01:04:51+02:00
 vi 	 false 	 2013-07-11T01:06:56+02:00
 vi 	 false 	 2013-07-11T01:09:53+02:00
 vi 	 true 	 2013-07-11T01:10:55+02:00
 vi 	 true 	 2013-07-11T01:12:24+02:00
 vi 	 true 	 2013-07-11T01:12:29+02:00
 vi 	 true 	 2013-07-11T01:15:44+02:00
 vi 	 true 	 2013-07-11T01:17:05+02:00
 vi 	 true 	 2013-07-11T01:18:51+02:00
 vi 	 false 	 2013-07-11T01:20:54+02:00
 vi 	 true 	 2013-07-11T01:23:25+02:00
 vi 	 true 	 2013-07-11T01:24:41+02:00
 vi 	 true 	 2013-07-11T01:24:54+02:00
 vi 	 true 	 2013-07-11T01:26:56+02:00
 vi 	 true 	 2013-07-11T01:28:05+02:00
 vi 	 true 	 2013-07-11T01:28:06+02:00
 vi 	 false 	 2013-07-11T01:28:08+02:00
 vi 	 true 	 2013-07-11T01:31:18+02:00
 vi 	 true 	 2013-07-11T01:33:46+02:00
 vi 	 true 	 2013-07-11T01:34:53+02:00
 vi 	 true 	 2013-07-11T01:34:54+02:00
 vi 	 true 	 2013-07-11T01:34:54+02:00
 vi 	 true 	 2013-07-11T01:34:54+02:00
 vi 	 false 	 2013-07-11T01:39:15+02:00
 vi 	 false 	 2013-07-11T01:42:58+02:00
 vi 	 false 	 2013-07-11T01:43:01+02:00
 vi 	 true 	 2013-07-11T01:45:05+02:00
 vi 	 false 	 2013-07-11T01:45:07+02:00
 vi 	 true 	 2013-07-11T01:46:50+02:00
 vi 	 true 	 2013-07-11T01:51:38+02:00
 vi 	 false 	 2013-07-11T01:51:59+02:00
 vi 	 false 	 2013-07-11T01:52:31+02:00
 vi 	 true 	 2013-07-11T01:52:52+02:00
 vi 	 true 	 2013-07-11T01:54:21+02:00
 vi 	 true 	 2013-07-11T01:54:23+02:00
 vi 	 true 	 2013-07-11T01:55:16+02:00
 vi 	 true 	 2013-07-11T01:56:13+02:00
 vi 	 true 	 2013-07-11T01:57:31+02:00
 vi 	 true 	 2013-07-11T02:02:34+02:00
 vi 	 true 	 2013-07-11T02:03:38+02:00
 vi 	 true 	 2013-07-11T02:04:23+02:00
 vi 	 true 	 2013-07-11T02:04:58+02:00
 vi 	 true 	 2013-07-11T02:05:02+02:00
 vi 	 false 	 2013-07-11T02:06:04+02:00
 vi 	 true 	 2013-07-11T02:06:54+02:00
 vi 	 true 	 2013-07-11T02:07:16+02:00
 vi 	 true 	 2013-07-11T02:08:00+02:00
 vi 	 false 	 2013-07-11T02:11:14+02:00
 vi 	 true 	 2013-07-11T02:12:01+02:00
 vi 	 true 	 2013-07-11T02:12:47+02:00
 vi 	 false 	 2013-07-11T02:14:07+02:00
 vi 	 true 	 2013-07-11T02:14:46+02:00
 vi 	 false 	 2013-07-11T02:17:24+02:00
 vi 	 true 	 2013-07-11T02:17:25+02:00
 vi 	 true 	 2013-07-11T02:17:26+02:00
 vi 	 true 	 2013-07-11T02:21:12+02:00
 vi 	 true 	 2013-07-11T02:21:45+02:00
 vi 	 true 	 2013-07-11T02:23:29+02:00
 vi 	 true 	 2013-07-11T02:25:13+02:00
 vi 	 true 	 2013-07-11T02:25:19+02:00
 vi 	 true 	 2013-07-11T02:25:27+02:00
 vi 	 true 	 2013-07-11T02:27:43+02:00
 vi 	 true 	 2013-07-11T02:28:05+02:00
 vi 	 true 	 2013-07-11T02:28:14+02:00
 vi 	 false 	 2013-07-11T02:29:39+02:00
 vi 	 false 	 2013-07-11T02:29:55+02:00
 vi 	 false 	 2013-07-11T02:30:28+02:00
 vi 	 true 	 2013-07-11T02:31:10+02:00
 vi 	 true 	 2013-07-11T02:32:28+02:00
 vi 	 false 	 2013-07-11T02:34:01+02:00
 vi 	 false 	 2013-07-11T02:34:03+02:00
 vi 	 true 	 2013-07-11T02:36:06+02:00
 vi 	 true 	 2013-07-11T02:38:04+02:00
 vi 	 true 	 2013-07-11T02:38:42+02:00
 vi 	 true 	 2013-07-11T02:39:20+02:00
 vi 	 true 	 2013-07-11T02:39:43+02:00
 vi 	 true 	 2013-07-11T02:49:05+02:00
 vi 	 true 	 2013-07-11T02:49:05+02:00
 vi 	 true 	 2013-07-11T02:49:51+02:00
 vi 	 true 	 2013-07-11T02:52:28+02:00
 vi 	 true 	 2013-07-11T02:54:00+02:00
 vi 	 false 	 2013-07-11T02:54:48+02:00
 vi 	 true 	 2013-07-11T02:56:36+02:00
 vi 	 true 	 2013-07-11T03:02:21+02:00
 vi 	 true 	 2013-07-11T03:04:31+02:00
 vi 	 true 	 2013-07-11T03:08:42+02:00
 vi 	 true 	 2013-07-11T03:09:43+02:00
 vi 	 false 	 2013-07-11T03:09:57+02:00
 vi 	 true 	 2013-07-11T03:11:34+02:00
 vi 	 true 	 2013-07-11T03:13:21+02:00
 vi 	 true 	 2013-07-11T03:16:37+02:00
 vi 	 true 	 2013-07-11T03:17:21+02:00
 vi 	 true 	 2013-07-11T03:17:57+02:00
 vi 	 false 	 2013-07-11T03:18:46+02:00
 vi 	 true 	 2013-07-11T03:22:12+02:00
 vi 	 true 	 2013-07-11T03:23:47+02:00
 vi 	 true 	 2013-07-11T03:24:17+02:00
 vi 	 true 	 2013-07-11T03:25:53+02:00
 vi 	 true 	 2013-07-11T03:26:38+02:00
 vi 	 true 	 2013-07-11T03:28:05+02:00
 vi 	 true 	 2013-07-11T03:29:15+02:00
 vi 	 true 	 2013-07-11T03:29:51+02:00
 vi 	 false 	 2013-07-11T03:31:13+02:00
 vi 	 true 	 2013-07-11T03:32:35+02:00
 vi 	 true 	 2013-07-11T03:35:21+02:00
 vi 	 false 	 2013-07-11T03:38:06+02:00
 vi 	 false 	 2013-07-11T03:38:21+02:00
 vi 	 true 	 2013-07-11T03:39:10+02:00
 vi 	 true 	 2013-07-11T03:41:56+02:00
 vi 	 true 	 2013-07-11T03:42:24+02:00
 vi 	 false 	 2013-07-11T03:48:35+02:00
 vi 	 true 	 2013-07-11T03:48:59+02:00
 vi 	 true 	 2013-07-11T03:50:23+02:00
 vi 	 false 	 2013-07-11T03:51:15+02:00
 vi 	 true 	 2013-07-11T03:52:06+02:00
 vi 	 true 	 2013-07-11T03:53:02+02:00
 vi 	 true 	 2013-07-11T03:54:43+02:00
 vi 	 true 	 2013-07-11T03:55:06+02:00
 vi 	 true 	 2013-07-11T03:55:11+02:00
 vi 	 true 	 2013-07-11T03:56:28+02:00
 vi 	 true 	 2013-07-11T03:56:39+02:00
 vi 	 false 	 2013-07-11T03:57:43+02:00
 vi 	 true 	 2013-07-11T04:00:20+02:00
 vi 	 true 	 2013-07-11T04:02:21+02:00
 vi 	 true 	 2013-07-11T04:02:23+02:00
 vi 	 true 	 2013-07-11T04:02:27+02:00
 vi 	 true 	 2013-07-11T04:03:36+02:00
 vi 	 true 	 2013-07-11T04:07:47+02:00
 vi 	 false 	 2013-07-11T04:09:42+02:00
 vi 	 false 	 2013-07-11T04:09:55+02:00
 vi 	 true 	 2013-07-11T04:11:33+02:00
 vi 	 true 	 2013-07-11T04:11:52+02:00
 vi 	 true 	 2013-07-11T04:18:16+02:00
 vi 	 true 	 2013-07-11T04:22:42+02:00
 vi 	 true 	 2013-07-11T04:22:48+02:00
 vi 	 true 	 2013-07-11T04:23:22+02:00
 vi 	 true 	 2013-07-11T04:23:22+02:00
 vi 	 true 	 2013-07-11T04:30:35+02:00
 vi 	 true 	 2013-07-11T04:32:26+02:00
 vi 	 true 	 2013-07-11T04:34:32+02:00
 vi 	 true 	 2013-07-11T04:34:35+02:00
 vi 	 true 	 2013-07-11T04:35:19+02:00
 vi 	 false 	 2013-07-11T04:35:41+02:00
 vi 	 false 	 2013-07-11T04:36:44+02:00
 vi 	 false 	 2013-07-11T04:36:45+02:00
 vi 	 true 	 2013-07-11T04:36:49+02:00
 vi 	 true 	 2013-07-11T04:37:19+02:00
 vi 	 false 	 2013-07-11T04:37:44+02:00
 vi 	 false 	 2013-07-11T04:38:44+02:00
 vi 	 true 	 2013-07-11T04:48:33+02:00
 vi 	 true 	 2013-07-11T04:50:15+02:00
 vi 	 true 	 2013-07-11T04:50:45+02:00
 vi 	 true 	 2013-07-11T04:50:49+02:00
 vi 	 true 	 2013-07-11T04:51:14+02:00
 vi 	 true 	 2013-07-11T04:56:59+02:00
 vi 	 true 	 2013-07-11T05:01:33+02:00
 vi 	 true 	 2013-07-11T05:03:29+02:00
 vi 	 true 	 2013-07-11T05:04:58+02:00
 vi 	 true 	 2013-07-11T05:04:58+02:00
 vi 	 true 	 2013-07-11T05:04:59+02:00
 vi 	 true 	 2013-07-11T05:04:59+02:00
 vi 	 true 	 2013-07-11T05:05:01+02:00
 vi 	 true 	 2013-07-11T05:06:02+02:00
 vi 	 true 	 2013-07-11T05:06:35+02:00
 vi 	 true 	 2013-07-11T05:07:23+02:00
 vi 	 true 	 2013-07-11T05:07:28+02:00
 vi 	 true 	 2013-07-11T05:08:59+02:00
 vi 	 true 	 2013-07-11T05:09:04+02:00
 vi 	 true 	 2013-07-11T05:12:07+02:00
 vi 	 true 	 2013-07-11T05:12:10+02:00
 vi 	 true 	 2013-07-11T05:14:17+02:00
 vi 	 true 	 2013-07-11T05:14:22+02:00
 vi 	 true 	 2013-07-11T05:15:52+02:00
 vi 	 true 	 2013-07-11T05:16:49+02:00
 vi 	 false 	 2013-07-11T05:17:50+02:00
 vi 	 true 	 2013-07-11T05:19:06+02:00
 vi 	 true 	 2013-07-11T05:19:44+02:00
 vi 	 true 	 2013-07-11T05:22:16+02:00
 vi 	 true 	 2013-07-11T05:22:37+02:00
 vi 	 true 	 2013-07-11T05:24:55+02:00
 vi 	 true 	 2013-07-11T05:26:14+02:00
 vi 	 true 	 2013-07-11T05:27:32+02:00
 vi 	 true 	 2013-07-11T05:32:12+02:00
 vi 	 true 	 2013-07-11T05:32:13+02:00
 vi 	 true 	 2013-07-11T05:34:10+02:00
 vi 	 true 	 2013-07-11T05:34:48+02:00
 vi 	 true 	 2013-07-11T05:34:59+02:00
 vi 	 true 	 2013-07-11T05:36:49+02:00
 vi 	 true 	 2013-07-11T05:36:51+02:00
 vi 	 true 	 2013-07-11T05:36:53+02:00
 vi 	 true 	 2013-07-11T05:37:19+02:00
 vi 	 true 	 2013-07-11T05:37:59+02:00
 vi 	 true 	 2013-07-11T05:39:33+02:00
 vi 	 true 	 2013-07-11T05:39:39+02:00
 vi 	 true 	 2013-07-11T05:40:28+02:00
 vi 	 true 	 2013-07-11T05:42:15+02:00
 vi 	 true 	 2013-07-11T05:46:42+02:00
 vi 	 true 	 2013-07-11T05:47:30+02:00
 vi 	 false 	 2013-07-11T05:48:18+02:00
 vi 	 true 	 2013-07-11T05:54:07+02:00
 vi 	 false 	 2013-07-11T05:54:43+02:00
 vi 	 false 	 2013-07-11T05:54:59+02:00
 vi 	 false 	 2013-07-11T05:56:49+02:00
 vi 	 false 	 2013-07-11T05:58:48+02:00
 vi 	 false 	 2013-07-11T05:58:50+02:00
 vi 	 true 	 2013-07-11T05:59:58+02:00
 vi 	 true 	 2013-07-11T06:00:07+02:00
 vi 	 true 	 2013-07-11T06:00:30+02:00
 vi 	 true 	 2013-07-11T06:03:02+02:00
 vi 	 false 	 2013-07-11T06:03:59+02:00
 vi 	 false 	 2013-07-11T06:07:08+02:00
 vi 	 true 	 2013-07-11T06:09:27+02:00
 vi 	 true 	 2013-07-11T06:09:42+02:00
 vi 	 true 	 2013-07-11T06:10:42+02:00
 vi 	 true 	 2013-07-11T06:12:01+02:00
 vi 	 false 	 2013-07-11T06:12:45+02:00
 vi 	 true 	 2013-07-11T06:24:34+02:00
 vi 	 true 	 2013-07-11T06:25:13+02:00
 vi 	 true 	 2013-07-11T06:27:07+02:00
 vi 	 true 	 2013-07-11T06:27:35+02:00
 vi 	 false 	 2013-07-11T06:28:20+02:00
 vi 	 true 	 2013-07-11T06:28:37+02:00
 vi 	 false 	 2013-07-11T06:29:40+02:00
 vi 	 true 	 2013-07-11T06:29:51+02:00
 vi 	 true 	 2013-07-11T06:30:56+02:00
 vi 	 true 	 2013-07-11T06:31:08+02:00
 vi 	 true 	 2013-07-11T06:38:34+02:00
 vi 	 false 	 2013-07-11T06:40:45+02:00
 vi 	 true 	 2013-07-11T06:44:14+02:00
 vi 	 true 	 2013-07-11T06:47:37+02:00
 vi 	 false 	 2013-07-11T06:48:16+02:00
 vi 	 true 	 2013-07-11T06:49:25+02:00
 vi 	 true 	 2013-07-11T06:52:07+02:00
 vi 	 false 	 2013-07-11T06:53:57+02:00
 vi 	 true 	 2013-07-11T06:54:51+02:00
 vi 	 true 	 2013-07-11T06:56:35+02:00
 vi 	 true 	 2013-07-11T06:57:07+02:00
 vi 	 false 	 2013-07-11T06:58:22+02:00
 vi 	 true 	 2013-07-11T07:01:24+02:00
 vi 	 true 	 2013-07-11T07:03:59+02:00
 vi 	 true 	 2013-07-11T07:08:59+02:00
 vi 	 true 	 2013-07-11T07:09:26+02:00
 vi 	 true 	 2013-07-11T07:10:12+02:00
 vi 	 true 	 2013-07-11T07:10:24+02:00
 vi 	 true 	 2013-07-11T07:11:36+02:00
 vi 	 true 	 2013-07-11T07:11:48+02:00
 vi 	 true 	 2013-07-11T07:12:02+02:00
 vi 	 false 	 2013-07-11T07:12:49+02:00
 vi 	 true 	 2013-07-11T07:13:10+02:00
 vi 	 true 	 2013-07-11T07:18:47+02:00
 vi 	 true 	 2013-07-11T07:20:28+02:00
 vi 	 true 	 2013-07-11T07:22:43+02:00
 vi 	 false 	 2013-07-11T07:23:00+02:00
 vi 	 true 	 2013-07-11T07:23:51+02:00
 vi 	 true 	 2013-07-11T07:24:45+02:00
 vi 	 false 	 2013-07-11T07:24:45+02:00
 vi 	 false 	 2013-07-11T07:24:54+02:00
 vi 	 true 	 2013-07-11T07:25:38+02:00
 vi 	 true 	 2013-07-11T07:28:53+02:00
 vi 	 false 	 2013-07-11T07:30:36+02:00
 vi 	 true 	 2013-07-11T07:46:46+02:00
 vi 	 true 	 2013-07-11T07:47:01+02:00
 vi 	 true 	 2013-07-11T07:47:24+02:00
 vi 	 true 	 2013-07-11T07:50:27+02:00
 vi 	 true 	 2013-07-11T07:50:42+02:00
 vi 	 true 	 2013-07-11T07:52:34+02:00
 vi 	 true 	 2013-07-11T08:05:34+02:00
 vi 	 true 	 2013-07-11T08:05:44+02:00
 vi 	 false 	 2013-07-11T08:06:10+02:00
 vi 	 true 	 2013-07-11T08:06:21+02:00
 vi 	 true 	 2013-07-11T08:07:41+02:00
 vi 	 true 	 2013-07-11T08:11:22+02:00
 vi 	 true 	 2013-07-11T08:12:04+02:00
 vi 	 true 	 2013-07-11T08:13:45+02:00
 vi 	 true 	 2013-07-11T08:13:55+02:00
 vi 	 true 	 2013-07-11T08:16:22+02:00
 vi 	 true 	 2013-07-11T08:16:22+02:00
 vi 	 true 	 2013-07-11T08:16:22+02:00
 vi 	 true 	 2013-07-11T08:16:22+02:00
 vi 	 true 	 2013-07-11T08:16:50+02:00
 vi 	 true 	 2013-07-11T08:16:50+02:00
 vi 	 true 	 2013-07-11T08:16:51+02:00
 vi 	 true 	 2013-07-11T08:19:39+02:00
 vi 	 true 	 2013-07-11T08:23:55+02:00
 vi 	 true 	 2013-07-11T08:33:13+02:00
 vi 	 false 	 2013-07-11T08:42:23+02:00
 vi 	 true 	 2013-07-11T08:44:01+02:00
 vi 	 true 	 2013-07-11T08:48:28+02:00
 vi 	 false 	 2013-07-11T08:59:04+02:00
 vi 	 true 	 2013-07-11T08:59:05+02:00
 vi 	 false 	 2013-07-11T09:03:30+02:00
 vi 	 true 	 2013-07-11T09:13:14+02:00
 vi 	 true 	 2013-07-11T09:14:58+02:00
 vi 	 true 	 2013-07-11T09:15:53+02:00
 vi 	 false 	 2013-07-11T09:17:24+02:00
 vi 	 false 	 2013-07-11T09:20:58+02:00
 vi 	 true 	 2013-07-11T09:24:18+02:00
 vi 	 true 	 2013-07-11T09:25:06+02:00
 vi 	 true 	 2013-07-11T09:25:52+02:00
 vi 	 false 	 2013-07-11T09:26:44+02:00
 vi 	 false 	 2013-07-11T09:27:15+02:00
 vi 	 true 	 2013-07-11T09:30:48+02:00
 vi 	 false 	 2013-07-11T09:33:07+02:00
 vi 	 true 	 2013-07-11T09:33:49+02:00
 vi 	 true 	 2013-07-11T09:38:03+02:00
 vi 	 false 	 2013-07-11T09:38:50+02:00
 vi 	 false 	 2013-07-11T09:39:32+02:00
 vi 	 true 	 2013-07-11T09:42:17+02:00
 vi 	 true 	 2013-07-11T09:42:49+02:00
 vi 	 false 	 2013-07-11T09:43:02+02:00
 vi 	 true 	 2013-07-11T09:44:01+02:00
 vi 	 true 	 2013-07-11T09:45:58+02:00
 vi 	 true 	 2013-07-11T09:46:20+02:00
 vi 	 false 	 2013-07-11T09:49:24+02:00
 vi 	 true 	 2013-07-11T09:49:43+02:00
 vi 	 true 	 2013-07-11T09:55:09+02:00
 vi 	 false 	 2013-07-11T09:55:33+02:00
 vi 	 true 	 2013-07-11T09:56:56+02:00
 vi 	 true 	 2013-07-11T09:58:31+02:00
 vi 	 true 	 2013-07-11T09:58:51+02:00
 vi 	 true 	 2013-07-11T10:00:52+02:00
 vi 	 true 	 2013-07-11T10:00:56+02:00
 vi 	 false 	 2013-07-11T10:02:34+02:00
 vi 	 true 	 2013-07-11T10:04:24+02:00
		
 vi 	 false 	 2013-07-11T10:09:20+02:00
 vi 	 true 	 2013-07-11T10:14:01+02:00
 vi 	 true 	 2013-07-11T10:23:05+02:00
 vi 	 true 	 2013-07-11T10:25:48+02:00
 vi 	 true 	 2013-07-11T10:30:41+02:00
 vi 	 true 	 2013-07-11T10:32:44+02:00
 vi 	 true 	 2013-07-11T10:33:34+02:00
 vi 	 true 	 2013-07-11T10:34:06+02:00
 vi 	 false 	 2013-07-11T10:34:06+02:00
 en 	 false 	 2013-07-11T10:39:59+02:00
 vi 	 false 	 2013-07-11T10:44:26+02:00
 vi 	 true 	 2013-07-11T10:46:51+02:00
 vi 	 true 	 2013-07-11T10:48:37+02:00
 vi 	 false 	 2013-07-11T10:51:11+02:00
 vi 	 true 	 2013-07-11T10:56:58+02:00
 vi 	 false 	 2013-07-11T10:57:22+02:00
 vi 	 false 	 2013-07-11T10:57:56+02:00
 vi 	 true 	 2013-07-11T10:58:17+02:00
 vi 	 true 	 2013-07-11T11:01:27+02:00
 vi 	 true 	 2013-07-11T11:03:24+02:00
 vi 	 true 	 2013-07-11T11:05:27+02:00
 en 	 true 	 2013-07-11T11:05:57+02:00
 vi 	 true 	 2013-07-11T11:09:03+02:00
 vi 	 true 	 2013-07-11T11:17:03+02:00
 vi 	 true 	 2013-07-11T11:20:07+02:00
 vi 	 false 	 2013-07-11T11:20:35+02:00
 vi 	 false 	 2013-07-11T11:20:37+02:00
 vi 	 true 	 2013-07-11T11:26:53+02:00
 vi 	 true 	 2013-07-11T11:27:16+02:00
 vi 	 true 	 2013-07-11T11:31:34+02:00
 vi 	 true 	 2013-07-11T11:31:41+02:00
 vi 	 true 	 2013-07-11T11:32:09+02:00
 vi 	 true 	 2013-07-11T11:33:29+02:00
 vi 	 true 	 2013-07-11T11:39:25+02:00
 vi 	 true 	 2013-07-11T11:42:27+02:00
 vi 	 true 	 2013-07-11T11:43:08+02:00
 vi 	 true 	 2013-07-11T11:45:31+02:00
 vi 	 true 	 2013-07-11T11:45:33+02:00
 vi 	 true 	 2013-07-11T11:46:55+02:00
 vi 	 true 	 2013-07-11T11:47:09+02:00
 vi 	 true 	 2013-07-11T11:48:26+02:00
 vi 	 true 	 2013-07-11T11:48:30+02:00
 vi 	 true 	 2013-07-11T11:52:35+02:00
 vi 	 true 	 2013-07-11T11:53:49+02:00
 vi 	 true 	 2013-07-11T11:54:20+02:00
 vi 	 true 	 2013-07-11T11:54:24+02:00
 vi 	 true 	 2013-07-11T11:58:20+02:00
 vi 	 true 	 2013-07-11T12:00:22+02:00
 vi 	 false 	 2013-07-11T12:03:07+02:00
 vi 	 false 	 2013-07-11T12:06:19+02:00
 vi 	 true 	 2013-07-11T12:06:54+02:00
 vi 	 true 	 2013-07-11T12:08:22+02:00
 vi 	 true 	 2013-07-11T12:11:32+02:00
 vi 	 true 	 2013-07-11T12:13:46+02:00
 vi 	 true 	 2013-07-11T12:17:06+02:00
 vi 	 true 	 2013-07-11T12:20:15+02:00
 vi 	 false 	 2013-07-11T12:20:36+02:00
 vi 	 true 	 2013-07-11T12:21:41+02:00
 vi 	 true 	 2013-07-11T12:22:24+02:00
 vi 	 true 	 2013-07-11T12:30:09+02:00
 vi 	 true 	 2013-07-11T12:36:02+02:00
 vi 	 false 	 2013-07-11T12:44:35+02:00
 vi 	 false 	 2013-07-11T12:45:39+02:00
 vi 	 true 	 2013-07-11T12:48:21+02:00
 vi 	 true 	 2013-07-11T12:52:39+02:00
 vi 	 true 	 2013-07-11T12:53:50+02:00
 vi 	 true 	 2013-07-11T12:54:39+02:00
 vi 	 true 	 2013-07-11T12:56:59+02:00
 vi 	 true 	 2013-07-11T12:57:14+02:00
 vi 	 true 	 2013-07-11T12:58:50+02:00
 vi 	 true 	 2013-07-11T13:01:11+02:00
 vi 	 true 	 2013-07-11T13:03:43+02:00
 vi 	 true 	 2013-07-11T13:04:11+02:00
 vi 	 true 	 2013-07-11T13:05:06+02:00
 vi 	 true 	 2013-07-11T13:13:24+02:00
 vi 	 false 	 2013-07-11T13:14:38+02:00
 vi 	 true 	 2013-07-11T13:17:47+02:00
 vi 	 true 	 2013-07-11T13:18:58+02:00
 vi 	 true 	 2013-07-11T13:21:00+02:00
 vi 	 true 	 2013-07-11T13:21:45+02:00
 vi 	 true 	 2013-07-11T13:22:30+02:00
 vi 	 true 	 2013-07-11T13:28:58+02:00
 vi 	 true 	 2013-07-11T13:29:14+02:00
 vi 	 false 	 2013-07-11T13:30:05+02:00
 vi 	 true 	 2013-07-11T13:30:06+02:00
 vi 	 true 	 2013-07-11T13:32:13+02:00
 vi 	 false 	 2013-07-11T13:32:54+02:00
 vi 	 false 	 2013-07-11T13:33:24+02:00
 vi 	 true 	 2013-07-11T13:33:50+02:00
 vi 	 false 	 2013-07-11T13:36:23+02:00
 vi 	 true 	 2013-07-11T13:39:03+02:00
 vi 	 true 	 2013-07-11T13:40:35+02:00
 vi 	 true 	 2013-07-11T13:42:15+02:00
 vi 	 false 	 2013-07-11T13:42:25+02:00
 vi 	 true 	 2013-07-11T13:43:18+02:00
 vi 	 false 	 2013-07-11T13:44:03+02:00
 vi 	 true 	 2013-07-11T13:46:44+02:00
 vi 	 true 	 2013-07-11T13:49:52+02:00
 vi 	 true 	 2013-07-11T13:52:02+02:00
 vi 	 true 	 2013-07-11T13:53:42+02:00
 vi 	 true 	 2013-07-11T13:55:05+02:00
 en 	 true 	 2013-07-11T13:56:43+02:00
 vi 	 true 	 2013-07-11T13:57:15+02:00
 vi 	 true 	 2013-07-11T13:57:43+02:00
 vi 	 false 	 2013-07-11T14:00:17+02:00
 en 	 true 	 2013-07-11T14:02:31+02:00
 vi 	 true 	 2013-07-11T14:03:16+02:00
 vi 	 true 	 2013-07-11T14:03:26+02:00
 vi 	 true 	 2013-07-11T14:05:21+02:00
 vi 	 true 	 2013-07-11T14:07:05+02:00
 vi 	 true 	 2013-07-11T14:07:32+02:00
 vi 	 true 	 2013-07-11T14:09:23+02:00
 vi 	 true 	 2013-07-11T14:09:26+02:00
 vi 	 true 	 2013-07-11T14:15:54+02:00
 vi 	 true 	 2013-07-11T14:15:59+02:00
 vi 	 false 	 2013-07-11T14:17:36+02:00
 vi 	 true 	 2013-07-11T14:17:44+02:00
 vi 	 true 	 2013-07-11T14:18:03+02:00
 vi 	 true 	 2013-07-11T14:18:27+02:00
 vi 	 false 	 2013-07-11T14:18:34+02:00
 vi 	 false 	 2013-07-11T14:21:57+02:00
 vi 	 true 	 2013-07-11T14:30:28+02:00
 vi 	 true 	 2013-07-11T14:31:11+02:00
 vi 	 true 	 2013-07-11T14:31:54+02:00
 vi 	 false 	 2013-07-11T14:35:35+02:00
 vi 	 true 	 2013-07-11T14:35:36+02:00
 vi 	 true 	 2013-07-11T14:37:15+02:00
 vi 	 false 	 2013-07-11T14:37:37+02:00
 vi 	 true 	 2013-07-11T14:39:43+02:00
 vi 	 true 	 2013-07-11T14:42:42+02:00
 vi 	 true 	 2013-07-11T14:44:51+02:00
 vi 	 true 	 2013-07-11T14:49:29+02:00
 vi 	 false 	 2013-07-11T14:49:58+02:00
 vi 	 true 	 2013-07-11T14:55:40+02:00
 vi 	 true 	 2013-07-11T14:56:07+02:00
 vi 	 false 	 2013-07-11T14:57:25+02:00
 vi 	 true 	 2013-07-11T14:57:45+02:00
 vi 	 true 	 2013-07-11T14:59:29+02:00
 vi 	 true 	 2013-07-11T14:59:36+02:00
 vi 	 true 	 2013-07-11T15:04:11+02:00
 vi 	 true 	 2013-07-11T15:04:16+02:00
 vi 	 true 	 2013-07-11T15:06:04+02:00
 vi 	 true 	 2013-07-11T15:06:54+02:00
 vi 	 true 	 2013-07-11T15:10:46+02:00
 vi 	 true 	 2013-07-11T15:11:18+02:00
 vi 	 false 	 2013-07-11T15:12:25+02:00
 vi 	 true 	 2013-07-11T15:14:33+02:00
 vi 	 true 	 2013-07-11T15:15:47+02:00
 vi 	 true 	 2013-07-11T15:17:24+02:00
 vi 	 true 	 2013-07-11T15:19:13+02:00
 vi 	 true 	 2013-07-11T15:25:24+02:00
 vi 	 true 	 2013-07-11T15:25:34+02:00
 vi 	 true 	 2013-07-11T15:28:29+02:00
 vi 	 true 	 2013-07-11T15:33:46+02:00
 vi 	 true 	 2013-07-11T15:34:15+02:00
 vi 	 true 	 2013-07-11T15:34:41+02:00
 vi 	 true 	 2013-07-11T15:34:49+02:00
 vi 	 true 	 2013-07-11T15:35:16+02:00
 vi 	 true 	 2013-07-11T15:35:17+02:00
 vi 	 true 	 2013-07-11T15:36:51+02:00
 vi 	 true 	 2013-07-11T15:44:56+02:00
 vi 	 false 	 2013-07-11T15:45:48+02:00
 vi 	 true 	 2013-07-11T15:46:02+02:00
 vi 	 true 	 2013-07-11T15:48:05+02:00
 vi 	 true 	 2013-07-11T15:50:30+02:00
 vi 	 true 	 2013-07-11T15:50:38+02:00
 vi 	 true 	 2013-07-11T15:51:26+02:00
 fr 	 false 	 2013-07-11T15:54:12+02:00
 vi 	 true 	 2013-07-11T15:55:00+02:00
 vi 	 false 	 2013-07-11T15:56:00+02:00
 vi 	 false 	 2013-07-11T15:56:33+02:00
 vi 	 true 	 2013-07-11T15:57:41+02:00
 en 	 true 	 2013-07-11T15:58:41+02:00
 en 	 false 	 2013-07-11T15:59:24+02:00
 en 	 false 	 2013-07-11T15:59:53+02:00
 vi 	 true 	 2013-07-11T16:00:49+02:00
 fr 	 true 	 2013-07-11T16:02:03+02:00
 fr 	 false 	 2013-07-11T16:03:26+02:00
  	  	 2013-07-11T16:03:35+02:00
  	  	 2013-07-11T16:03:39+02:00
 en 	 true 	 2013-07-11T16:03:41+02:00
 vi 	 true 	 2013-07-11T16:07:01+02:00
 vi 	 true 	 2013-07-11T16:07:03+02:00
 vi 	 true 	 2013-07-11T16:10:08+02:00
 vi 	 true 	 2013-07-11T16:10:14+02:00
 vi 	 true 	 2013-07-11T16:10:14+02:00
 vi 	 true 	 2013-07-11T16:12:09+02:00
 vi 	 true 	 2013-07-11T16:13:50+02:00
 vi 	 true 	 2013-07-11T16:22:57+02:00
 vi 	 true 	 2013-07-11T16:23:37+02:00
 vi 	 true 	 2013-07-11T16:24:41+02:00
 vi 	 true 	 2013-07-11T16:30:23+02:00
 vi 	 true 	 2013-07-11T16:35:31+02:00
 vi 	 false 	 2013-07-11T16:39:38+02:00
 vi 	 false 	 2013-07-11T16:39:40+02:00
 vi 	 true 	 2013-07-11T16:40:59+02:00
 vi 	 true 	 2013-07-11T16:42:12+02:00
 vi 	 true 	 2013-07-11T16:42:28+02:00
 vi 	 true 	 2013-07-11T16:45:59+02:00
 vi 	 false 	 2013-07-11T16:46:47+02:00
 vi 	 true 	 2013-07-11T16:47:08+02:00
 fr 	 true 	 2013-07-11T16:47:37+02:00
 vi 	 false 	 2013-07-11T16:55:18+02:00
 en 	 false 	 2013-07-11T16:55:47+02:00
 en 	 false 	 2013-07-11T16:55:49+02:00
 vi 	 true 	 2013-07-11T16:56:18+02:00
 en 	 false 	 2013-07-11T16:57:36+02:00
 vi 	 true 	 2013-07-11T16:58:50+02:00
 vi 	 false 	 2013-07-11T16:59:03+02:00
 vi 	 true 	 2013-07-11T17:02:50+02:00
 vi 	 true 	 2013-07-11T17:03:25+02:00
 vi 	 false 	 2013-07-11T17:04:02+02:00
 vi 	 true 	 2013-07-11T17:04:46+02:00
 vi 	 true 	 2013-07-11T17:04:53+02:00
 vi 	 true 	 2013-07-11T17:05:26+02:00
 vi 	 true 	 2013-07-11T17:05:40+02:00
 vi 	 true 	 2013-07-11T17:06:17+02:00
 vi 	 true 	 2013-07-11T17:06:21+02:00
 vi 	 true 	 2013-07-11T17:07:28+02:00
 vi 	 true 	 2013-07-11T17:07:38+02:00
 vi 	 true 	 2013-07-11T17:07:39+02:00
 vi 	 false 	 2013-07-11T17:07:51+02:00
 en 	 false 	 2013-07-11T17:08:58+02:00
 en 	 false 	 2013-07-11T17:09:49+02:00
 vi 	 true 	 2013-07-11T17:13:38+02:00
 vi 	 true 	 2013-07-11T17:13:50+02:00
 en 	 true 	 2013-07-11T17:17:03+02:00
 vi 	 false 	 2013-07-11T17:20:25+02:00
 vi 	 true 	 2013-07-11T17:21:18+02:00
 vi 	 true 	 2013-07-11T17:21:47+02:00
 vi 	 true 	 2013-07-11T17:31:08+02:00
 vi 	 false 	 2013-07-11T17:32:49+02:00
 vi 	 true 	 2013-07-11T17:33:09+02:00
 vi 	 true 	 2013-07-11T17:33:28+02:00
 vi 	 false 	 2013-07-11T17:33:39+02:00
 vi 	 false 	 2013-07-11T17:33:42+02:00
 en 	 true 	 2013-07-11T17:34:02+02:00
 vi 	 true 	 2013-07-11T17:40:26+02:00
 vi 	 true 	 2013-07-11T17:40:45+02:00
 vi 	 true 	 2013-07-11T17:44:29+02:00
 vi 	 true 	 2013-07-11T17:52:31+02:00
 vi 	 true 	 2013-07-11T17:54:21+02:00
 vi 	 true 	 2013-07-11T17:59:50+02:00
 vi 	 true 	 2013-07-11T18:03:14+02:00
 vi 	 true 	 2013-07-11T18:06:07+02:00
 en 	 true 	 2013-07-11T18:08:20+02:00
 vi 	 true 	 2013-07-11T18:11:08+02:00
 vi 	 true 	 2013-07-11T18:11:48+02:00
 vi 	 true 	 2013-07-11T18:11:59+02:00
 vi 	 true 	 2013-07-11T18:12:12+02:00
 vi 	 true 	 2013-07-11T18:12:38+02:00
 vi 	 true 	 2013-07-11T18:13:00+02:00
 vi 	 false 	 2013-07-11T18:13:19+02:00
 vi 	 true 	 2013-07-11T18:13:23+02:00
 vi 	 false 	 2013-07-11T18:13:44+02:00
 vi 	 true 	 2013-07-11T18:13:49+02:00
 vi 	 true 	 2013-07-11T18:14:16+02:00
 vi 	 true 	 2013-07-11T18:14:36+02:00
 vi 	 true 	 2013-07-11T18:15:00+02:00
 vi 	 true 	 2013-07-11T18:15:31+02:00
 vi 	 true 	 2013-07-11T18:15:56+02:00
 vi 	 true 	 2013-07-11T18:16:21+02:00
 vi 	 true 	 2013-07-11T18:17:09+02:00
 vi 	 true 	 2013-07-11T18:17:35+02:00
 vi 	 true 	 2013-07-11T18:17:37+02:00
 vi 	 true 	 2013-07-11T18:17:56+02:00
 vi 	 true 	 2013-07-11T18:18:26+02:00
 vi 	 true 	 2013-07-11T18:19:21+02:00
 vi 	 true 	 2013-07-11T18:19:39+02:00
 vi 	 true 	 2013-07-11T18:19:40+02:00
 vi 	 true 	 2013-07-11T18:20:00+02:00
 vi 	 true 	 2013-07-11T18:20:30+02:00
 vi 	 true 	 2013-07-11T18:21:30+02:00
 vi 	 false 	 2013-07-11T18:24:21+02:00
 vi 	 false 	 2013-07-11T18:24:52+02:00
 vi 	 false 	 2013-07-11T18:25:07+02:00
 vi 	 false 	 2013-07-11T18:25:32+02:00
 vi 	 true 	 2013-07-11T18:25:49+02:00
 vi 	 true 	 2013-07-11T18:43:27+02:00
 vi 	 true 	 2013-07-11T18:44:38+02:00
 vi 	 false 	 2013-07-11T18:45:13+02:00
 vi 	 true 	 2013-07-11T18:47:31+02:00
 vi 	 false 	 2013-07-11T18:48:35+02:00
 vi 	 true 	 2013-07-11T18:53:54+02:00
 en 	 false 	 2013-07-11T18:59:53+02:00
 vi 	 true 	 2013-07-11T19:00:17+02:00
 fr 	 true 	 2013-07-11T19:01:19+02:00
 vi 	 false 	 2013-07-11T19:04:20+02:00
 en 	 true 	 2013-07-11T19:04:28+02:00
 vi 	 false 	 2013-07-11T19:12:53+02:00
 vi 	 true 	 2013-07-11T19:13:12+02:00
 vi 	 true 	 2013-07-11T19:14:33+02:00
 vi 	 true 	 2013-07-11T19:17:51+02:00
 en 	 true 	 2013-07-11T19:19:47+02:00
 vi 	 true 	 2013-07-11T19:20:11+02:00
 en 	 true 	 2013-07-11T19:21:16+02:00
 en 	 false 	 2013-07-11T19:21:29+02:00
 en 	 true 	 2013-07-11T19:21:45+02:00
 vi 	 true 	 2013-07-11T19:22:52+02:00
 en 	 true 	 2013-07-11T19:23:34+02:00
 vi 	 true 	 2013-07-11T19:26:03+02:00
 en 	 true 	 2013-07-11T19:26:24+02:00
 fr 	 true 	 2013-07-11T19:27:18+02:00
 vi 	 true 	 2013-07-11T19:28:12+02:00
 vi 	 true 	 2013-07-11T19:30:14+02:00
 vi 	 true 	 2013-07-11T19:30:50+02:00
 vi 	 false 	 2013-07-11T19:31:55+02:00
 vi 	 true 	 2013-07-11T19:32:26+02:00
 vi 	 true 	 2013-07-11T19:33:06+02:00
 vi 	 true 	 2013-07-11T19:33:37+02:00
 vi 	 true 	 2013-07-11T19:33:56+02:00
 vi 	 true 	 2013-07-11T19:36:39+02:00
 vi 	 true 	 2013-07-11T19:39:54+02:00
 vi 	 false 	 2013-07-11T19:41:55+02:00
 vi 	 true 	 2013-07-11T19:43:07+02:00
 vi 	 true 	 2013-07-11T19:46:02+02:00
 en 	 true 	 2013-07-11T19:46:57+02:00
 en 	 false 	 2013-07-11T19:48:14+02:00
 en 	 false 	 2013-07-11T19:50:06+02:00
 vi 	 true 	 2013-07-11T19:53:03+02:00
 vi 	 true 	 2013-07-11T19:54:24+02:00
 vi 	 true 	 2013-07-11T19:58:10+02:00
 vi 	 true 	 2013-07-11T20:00:26+02:00
 en 	 false 	 2013-07-11T20:01:22+02:00
 en 	 false 	 2013-07-11T20:01:23+02:00
 vi 	 true 	 2013-07-11T20:04:45+02:00
 vi 	 true 	 2013-07-11T20:06:16+02:00
 en 	 true 	 2013-07-11T20:06:37+02:00
 vi 	 true 	 2013-07-11T20:06:50+02:00
 vi 	 false 	 2013-07-11T20:08:05+02:00
 vi 	 true 	 2013-07-11T20:13:47+02:00
 vi 	 true 	 2013-07-11T20:17:34+02:00
 vi 	 false 	 2013-07-11T20:17:59+02:00
 vi 	 false 	 2013-07-11T20:19:42+02:00
 vi 	 true 	 2013-07-11T20:20:09+02:00
 vi 	 false 	 2013-07-11T20:21:17+02:00
 vi 	 true 	 2013-07-11T20:24:38+02:00
 vi 	 true 	 2013-07-11T20:37:43+02:00
 vi 	 true 	 2013-07-11T20:38:21+02:00
 vi 	 true 	 2013-07-11T20:39:22+02:00
 vi 	 true 	 2013-07-11T20:39:32+02:00
 vi 	 false 	 2013-07-11T20:40:32+02:00
 vi 	 false 	 2013-07-11T20:40:47+02:00
 vi 	 true 	 2013-07-11T20:41:33+02:00
 vi 	 true 	 2013-07-11T20:42:15+02:00
 en 	 true 	 2013-07-11T20:42:21+02:00
 vi 	 true 	 2013-07-11T20:43:36+02:00
 vi 	 true 	 2013-07-11T20:44:12+02:00
 vi 	 false 	 2013-07-11T20:45:19+02:00
 vi 	 true 	 2013-07-11T20:46:04+02:00
 vi 	 true 	 2013-07-11T20:46:36+02:00
 vi 	 true 	 2013-07-11T20:49:55+02:00
 vi 	 true 	 2013-07-11T20:50:06+02:00
 vi 	 false 	 2013-07-11T20:51:18+02:00
 vi 	 true 	 2013-07-11T20:55:14+02:00
 vi 	 true 	 2013-07-11T20:55:16+02:00
 vi 	 true 	 2013-07-11T20:57:13+02:00
 vi 	 true 	 2013-07-11T20:58:12+02:00
 vi 	 true 	 2013-07-11T21:01:31+02:00
 vi 	 true 	 2013-07-11T21:03:44+02:00
 vi 	 true 	 2013-07-11T21:03:45+02:00
 vi 	 true 	 2013-07-11T21:05:25+02:00
 vi 	 true 	 2013-07-11T21:07:56+02:00
 vi 	 false 	 2013-07-11T21:11:27+02:00
 en 	 false 	 2013-07-11T21:26:02+02:00
 vi 	 true 	 2013-07-11T21:32:49+02:00
 vi 	 false 	 2013-07-11T21:33:35+02:00
 en 	 true 	 2013-07-11T21:34:20+02:00
 en 	 true 	 2013-07-11T21:35:41+02:00
 vi 	 true 	 2013-07-11T21:36:07+02:00
 vi 	 true 	 2013-07-11T21:36:09+02:00
 vi 	 true 	 2013-07-11T21:37:04+02:00
 vi 	 false 	 2013-07-11T21:37:06+02:00
 vi 	 false 	 2013-07-11T21:37:38+02:00
 vi 	 false 	 2013-07-11T21:38:40+02:00
 vi 	 true 	 2013-07-11T21:38:41+02:00
 vi 	 true 	 2013-07-11T21:39:51+02:00
 vi 	 false 	 2013-07-11T21:39:55+02:00
 vi 	 false 	 2013-07-11T21:40:40+02:00
 vi 	 true 	 2013-07-11T21:44:16+02:00
 vi 	 false 	 2013-07-11T21:45:46+02:00
 vi 	 true 	 2013-07-11T21:46:23+02:00
 vi 	 true 	 2013-07-11T21:49:51+02:00
 vi 	 false 	 2013-07-11T21:51:07+02:00
 vi 	 true 	 2013-07-11T21:53:08+02:00
 vi 	 false 	 2013-07-11T21:54:05+02:00
 vi 	 false 	 2013-07-11T21:54:52+02:00
 en 	 true 	 2013-07-11T21:55:12+02:00
 vi 	 true 	 2013-07-11T21:55:47+02:00
 vi 	 true 	 2013-07-11T21:58:27+02:00
 vi 	 true 	 2013-07-11T21:58:34+02:00
 vi 	 true 	 2013-07-11T21:59:37+02:00
 vi 	 true 	 2013-07-11T22:01:03+02:00
 vi 	 false 	 2013-07-11T22:01:36+02:00
 vi 	 true 	 2013-07-11T22:01:47+02:00
 vi 	 true 	 2013-07-11T22:02:41+02:00
 vi 	 true 	 2013-07-11T22:03:43+02:00
 vi 	 true 	 2013-07-11T22:04:24+02:00
 vi 	 true 	 2013-07-11T22:04:26+02:00
 vi 	 true 	 2013-07-11T22:04:34+02:00
 vi 	 true 	 2013-07-11T22:06:01+02:00
 vi 	 true 	 2013-07-11T22:06:33+02:00
 vi 	 true 	 2013-07-11T22:07:14+02:00
 vi 	 true 	 2013-07-11T22:07:16+02:00
 vi 	 true 	 2013-07-11T22:08:11+02:00
 vi 	 true 	 2013-07-11T22:08:41+02:00
 vi 	 true 	 2013-07-11T22:08:47+02:00
 vi 	 true 	 2013-07-11T22:09:13+02:00
 vi 	 true 	 2013-07-11T22:10:31+02:00
 vi 	 true 	 2013-07-11T22:12:06+02:00
 vi 	 true 	 2013-07-11T22:12:21+02:00
 vi 	 true 	 2013-07-11T22:15:09+02:00
 vi 	 true 	 2013-07-11T22:15:22+02:00
 vi 	 true 	 2013-07-11T22:15:58+02:00
 vi 	 true 	 2013-07-11T22:17:38+02:00
 vi 	 true 	 2013-07-11T22:18:22+02:00
 vi 	 true 	 2013-07-11T22:19:58+02:00
 vi 	 true 	 2013-07-11T22:21:59+02:00
 vi 	 true 	 2013-07-11T22:23:14+02:00
 vi 	 false 	 2013-07-11T22:23:43+02:00
 vi 	 true 	 2013-07-11T22:24:45+02:00
 vi 	 true 	 2013-07-11T22:26:13+02:00
 vi 	 true 	 2013-07-11T22:26:30+02:00
 vi 	 false 	 2013-07-11T22:26:48+02:00
 vi 	 true 	 2013-07-11T22:28:14+02:00
 vi 	 true 	 2013-07-11T22:28:31+02:00
 vi 	 true 	 2013-07-11T22:31:25+02:00
 vi 	 true 	 2013-07-11T22:31:32+02:00
 vi 	 true 	 2013-07-11T22:33:06+02:00
 vi 	 true 	 2013-07-11T22:33:16+02:00
 vi 	 true 	 2013-07-11T22:33:33+02:00
 vi 	 false 	 2013-07-11T22:33:48+02:00
 vi 	 true 	 2013-07-11T22:34:31+02:00
 vi 	 true 	 2013-07-11T22:34:51+02:00
 vi 	 true 	 2013-07-11T22:35:57+02:00
 vi 	 true 	 2013-07-11T22:37:05+02:00
 vi 	 true 	 2013-07-11T22:37:06+02:00
 vi 	 true 	 2013-07-11T22:37:08+02:00
 vi 	 false 	 2013-07-11T22:37:25+02:00
 vi 	 true 	 2013-07-11T22:37:52+02:00
 vi 	 true 	 2013-07-11T22:39:56+02:00
 vi 	 true 	 2013-07-11T22:39:57+02:00
 vi 	 true 	 2013-07-11T22:40:33+02:00
 vi 	 true 	 2013-07-11T22:40:44+02:00
 vi 	 true 	 2013-07-11T22:41:34+02:00
 vi 	 true 	 2013-07-11T22:42:10+02:00
 en 	 true 	 2013-07-11T22:43:03+02:00
 vi 	 true 	 2013-07-11T22:43:28+02:00
 vi 	 true 	 2013-07-11T22:44:12+02:00
 vi 	 true 	 2013-07-11T22:45:15+02:00
 vi 	 true 	 2013-07-11T22:49:08+02:00
 vi 	 true 	 2013-07-11T22:50:00+02:00
 vi 	 false 	 2013-07-11T22:50:01+02:00
 vi 	 true 	 2013-07-11T22:51:26+02:00
 vi 	 true 	 2013-07-11T22:51:54+02:00
 vi 	 false 	 2013-07-11T22:52:28+02:00
 vi 	 true 	 2013-07-11T22:52:41+02:00
 vi 	 true 	 2013-07-11T22:53:30+02:00
 vi 	 true 	 2013-07-11T22:54:27+02:00
 vi 	 true 	 2013-07-11T22:55:37+02:00
 vi 	 true 	 2013-07-11T22:55:37+02:00
 vi 	 true 	 2013-07-11T22:55:40+02:00
 vi 	 false 	 2013-07-11T22:56:00+02:00
 vi 	 true 	 2013-07-11T22:56:19+02:00
 vi 	 false 	 2013-07-11T22:57:26+02:00
 vi 	 true 	 2013-07-11T22:59:21+02:00
 vi 	 false 	 2013-07-11T23:00:08+02:00
 vi 	 true 	 2013-07-11T23:00:57+02:00
 vi 	 false 	 2013-07-11T23:01:40+02:00
 vi 	 true 	 2013-07-11T23:03:05+02:00
 vi 	 false 	 2013-07-11T23:04:05+02:00
 vi 	 true 	 2013-07-11T23:04:34+02:00
 vi 	 true 	 2013-07-11T23:06:11+02:00
 vi 	 false 	 2013-07-11T23:06:34+02:00
 vi 	 true 	 2013-07-11T23:06:39+02:00
 vi 	 true 	 2013-07-11T23:07:11+02:00
 vi 	 false 	 2013-07-11T23:08:10+02:00
 vi 	 true 	 2013-07-11T23:08:35+02:00
 vi 	 true 	 2013-07-11T23:08:36+02:00
 vi 	 true 	 2013-07-11T23:09:57+02:00
 vi 	 false 	 2013-07-11T23:10:13+02:00
 vi 	 true 	 2013-07-11T23:10:53+02:00
 fr 	 false 	 2013-07-11T23:12:39+02:00
 vi 	 true 	 2013-07-11T23:14:18+02:00
 vi 	 true 	 2013-07-11T23:14:51+02:00
 vi 	 true 	 2013-07-11T23:14:51+02:00
 vi 	 true 	 2013-07-11T23:14:51+02:00
 vi 	 true 	 2013-07-11T23:15:07+02:00
 en 	 true 	 2013-07-11T23:22:20+02:00
 vi 	 true 	 2013-07-11T23:24:54+02:00
 vi 	 true 	 2013-07-11T23:28:01+02:00
 vi 	 true 	 2013-07-11T23:34:26+02:00
 vi 	 true 	 2013-07-11T23:35:13+02:00
 vi 	 false 	 2013-07-11T23:35:42+02:00
 vi 	 true 	 2013-07-11T23:38:28+02:00
 vi 	 true 	 2013-07-11T23:38:53+02:00
 vi 	 true 	 2013-07-11T23:50:18+02:00
 vi 	 false 	 2013-07-11T23:50:51+02:00
 vi 	 true 	 2013-07-11T23:52:48+02:00
 vi 	 true 	 2013-07-11T23:53:04+02:00
 vi 	 true 	 2013-07-11T23:54:41+02:00
 vi 	 true 	 2013-07-11T23:54:42+02:00
 vi 	 true 	 2013-07-11T23:55:24+02:00
 vi 	 true 	 2013-07-11T23:55:38+02:00
 vi 	 false 	 2013-07-11T23:58:26+02:00
 vi 	 true 	 2013-07-11T23:59:45+02:00
 en 	 true 	 2013-07-12T00:03:44+02:00
 vi 	 true 	 2013-07-12T00:08:30+02:00
 vi 	 true 	 2013-07-12T00:08:52+02:00
 vi 	 true 	 2013-07-12T00:15:46+02:00
 vi 	 true 	 2013-07-12T00:18:17+02:00
 vi 	 false 	 2013-07-12T00:20:00+02:00
 vi 	 true 	 2013-07-12T00:20:02+02:00
 vi 	 true 	 2013-07-12T00:20:42+02:00
 vi 	 false 	 2013-07-12T00:21:04+02:00
 vi 	 true 	 2013-07-12T00:21:53+02:00
 vi 	 true 	 2013-07-12T00:22:09+02:00
 vi 	 true 	 2013-07-12T00:22:14+02:00
 vi 	 true 	 2013-07-12T00:28:56+02:00
 vi 	 true 	 2013-07-12T00:29:08+02:00
 vi 	 false 	 2013-07-12T00:30:13+02:00
 vi 	 false 	 2013-07-12T00:30:29+02:00
 vi 	 true 	 2013-07-12T00:31:47+02:00
 vi 	 false 	 2013-07-12T00:31:53+02:00
 vi 	 true 	 2013-07-12T00:33:33+02:00
 vi 	 true 	 2013-07-12T00:34:47+02:00
 vi 	 false 	 2013-07-12T00:37:58+02:00
 vi 	 false 	 2013-07-12T00:39:03+02:00
 vi 	 false 	 2013-07-12T00:39:18+02:00
 vi 	 false 	 2013-07-12T00:40:10+02:00
 vi 	 false 	 2013-07-12T00:40:35+02:00
 vi 	 false 	 2013-07-12T00:41:48+02:00
 vi 	 false 	 2013-07-12T00:45:41+02:00
 vi 	 true 	 2013-07-12T00:47:24+02:00
 vi 	 true 	 2013-07-12T00:48:32+02:00
 vi 	 true 	 2013-07-12T00:48:48+02:00
 vi 	 true 	 2013-07-12T00:48:54+02:00
 vi 	 true 	 2013-07-12T00:51:00+02:00
 vi 	 true 	 2013-07-12T00:57:38+02:00
 vi 	 true 	 2013-07-12T00:59:47+02:00
 vi 	 true 	 2013-07-12T01:01:15+02:00
 vi 	 true 	 2013-07-12T01:01:31+02:00
 vi 	 true 	 2013-07-12T01:07:41+02:00
 vi 	 false 	 2013-07-12T01:08:27+02:00
 en 	 true 	 2013-07-12T01:10:54+02:00
 vi 	 true 	 2013-07-12T01:11:17+02:00
 vi 	 true 	 2013-07-12T01:16:18+02:00
 vi 	 true 	 2013-07-12T01:18:07+02:00
 vi 	 true 	 2013-07-12T01:26:33+02:00
 vi 	 true 	 2013-07-12T01:36:27+02:00
 vi 	 true 	 2013-07-12T01:38:27+02:00
 vi 	 true 	 2013-07-12T01:42:21+02:00
 vi 	 true 	 2013-07-12T01:51:04+02:00
 vi 	 true 	 2013-07-12T01:51:05+02:00
 vi 	 true 	 2013-07-12T01:54:36+02:00
 vi 	 true 	 2013-07-12T01:55:11+02:00
 vi 	 true 	 2013-07-12T01:58:33+02:00
 vi 	 true 	 2013-07-12T02:01:00+02:00
 en 	 true 	 2013-07-12T02:01:47+02:00
 vi 	 false 	 2013-07-12T02:02:24+02:00
 vi 	 true 	 2013-07-12T02:05:05+02:00
 vi 	 false 	 2013-07-12T02:08:08+02:00
 vi 	 true 	 2013-07-12T02:13:16+02:00
 vi 	 true 	 2013-07-12T02:14:41+02:00
 en 	 false 	 2013-07-12T02:17:37+02:00
 vi 	 true 	 2013-07-12T02:19:02+02:00
 vi 	 true 	 2013-07-12T02:22:02+02:00
 vi 	 true 	 2013-07-12T02:25:47+02:00
 vi 	 true 	 2013-07-12T02:28:32+02:00
 vi 	 true 	 2013-07-12T02:30:48+02:00
 vi 	 false 	 2013-07-12T02:31:32+02:00
 vi 	 true 	 2013-07-12T02:34:51+02:00
 vi 	 true 	 2013-07-12T02:35:10+02:00
 vi 	 true 	 2013-07-12T02:36:20+02:00
 vi 	 true 	 2013-07-12T02:36:40+02:00
 vi 	 true 	 2013-07-12T02:36:55+02:00
 vi 	 true 	 2013-07-12T02:37:10+02:00
 vi 	 true 	 2013-07-12T02:48:47+02:00
 vi 	 false 	 2013-07-12T02:48:52+02:00
 vi 	 true 	 2013-07-12T02:49:01+02:00
 en 	 true 	 2013-07-12T02:51:35+02:00
 en 	 true 	 2013-07-12T02:54:24+02:00
 en 	 true 	 2013-07-12T02:56:57+02:00
 en 	 true 	 2013-07-12T03:02:58+02:00
 vi 	 true 	 2013-07-12T03:03:59+02:00
 vi 	 true 	 2013-07-12T03:04:35+02:00
 vi 	 true 	 2013-07-12T03:04:35+02:00
 vi 	 true 	 2013-07-12T03:04:54+02:00
 vi 	 true 	 2013-07-12T03:05:41+02:00
 vi 	 true 	 2013-07-12T03:12:40+02:00
 vi 	 true 	 2013-07-12T03:13:06+02:00
 vi 	 true 	 2013-07-12T03:13:31+02:00
 vi 	 false 	 2013-07-12T03:14:41+02:00
 vi 	 false 	 2013-07-12T03:16:43+02:00
 vi 	 true 	 2013-07-12T03:17:25+02:00
 vi 	 true 	 2013-07-12T03:20:52+02:00
 vi 	 true 	 2013-07-12T03:22:38+02:00
 fr 	 true 	 2013-07-12T03:26:43+02:00
 vi 	 true 	 2013-07-12T03:28:03+02:00
 vi 	 true 	 2013-07-12T03:32:49+02:00
 vi 	 true 	 2013-07-12T03:35:47+02:00
 vi 	 true 	 2013-07-12T03:40:07+02:00
 en 	 false 	 2013-07-12T03:40:11+02:00
 vi 	 true 	 2013-07-12T03:41:30+02:00
 vi 	 true 	 2013-07-12T03:41:59+02:00
 vi 	 true 	 2013-07-12T03:42:29+02:00
 vi 	 false 	 2013-07-12T03:43:17+02:00
 vi 	 true 	 2013-07-12T03:44:12+02:00
 fr 	 false 	 2013-07-12T03:51:54+02:00
 vi 	 true 	 2013-07-12T03:58:25+02:00
 vi 	 true 	 2013-07-12T04:03:34+02:00
 vi 	 false 	 2013-07-12T04:03:53+02:00
 vi 	 true 	 2013-07-12T04:06:19+02:00
 vi 	 true 	 2013-07-12T04:06:48+02:00
 vi 	 true 	 2013-07-12T04:10:37+02:00
 vi 	 false 	 2013-07-12T04:11:26+02:00
 vi 	 true 	 2013-07-12T04:11:50+02:00
 vi 	 true 	 2013-07-12T04:11:51+02:00
 vi 	 true 	 2013-07-12T04:12:14+02:00
 vi 	 false 	 2013-07-12T04:13:05+02:00
 vi 	 true 	 2013-07-12T04:13:38+02:00
 vi 	 true 	 2013-07-12T04:14:23+02:00
 vi 	 true 	 2013-07-12T04:15:16+02:00
 vi 	 true 	 2013-07-12T04:16:20+02:00
 vi 	 true 	 2013-07-12T04:22:29+02:00
 vi 	 true 	 2013-07-12T04:23:25+02:00
 vi 	 true 	 2013-07-12T04:35:03+02:00
 vi 	 false 	 2013-07-12T04:35:31+02:00
 vi 	 true 	 2013-07-12T04:38:57+02:00
 vi 	 true 	 2013-07-12T04:39:43+02:00
 vi 	 true 	 2013-07-12T04:40:19+02:00
 vi 	 true 	 2013-07-12T04:41:30+02:00
 vi 	 true 	 2013-07-12T04:42:12+02:00
 vi 	 true 	 2013-07-12T04:42:16+02:00
 vi 	 true 	 2013-07-12T04:43:36+02:00
 vi 	 true 	 2013-07-12T04:48:38+02:00
 vi 	 true 	 2013-07-12T04:53:58+02:00
 vi 	 true 	 2013-07-12T04:54:26+02:00
 vi 	 true 	 2013-07-12T04:55:00+02:00
 vi 	 true 	 2013-07-12T04:56:27+02:00
 vi 	 false 	 2013-07-12T04:56:32+02:00
 vi 	 true 	 2013-07-12T04:57:12+02:00
 vi 	 false 	 2013-07-12T05:02:06+02:00
 vi 	 true 	 2013-07-12T05:03:32+02:00
 vi 	 true 	 2013-07-12T05:03:32+02:00
 vi 	 true 	 2013-07-12T05:04:20+02:00
 en 	 false 	 2013-07-12T05:04:55+02:00
 vi 	 true 	 2013-07-12T05:08:03+02:00
 vi 	 false 	 2013-07-12T05:10:59+02:00
 vi 	 true 	 2013-07-12T05:18:17+02:00
 vi 	 true 	 2013-07-12T05:20:52+02:00
 vi 	 true 	 2013-07-12T05:22:09+02:00
 en 	 false 	 2013-07-12T05:27:24+02:00
 en 	 false 	 2013-07-12T05:28:13+02:00
 en 	 false 	 2013-07-12T05:28:50+02:00
 en 	 false 	 2013-07-12T05:29:19+02:00
 vi 	 true 	 2013-07-12T05:29:53+02:00
 en 	 false 	 2013-07-12T05:29:53+02:00
 en 	 false 	 2013-07-12T05:30:51+02:00
 vi 	 true 	 2013-07-12T05:31:06+02:00
 en 	 true 	 2013-07-12T05:31:06+02:00
 en 	 true 	 2013-07-12T05:31:45+02:00
 vi 	 true 	 2013-07-12T05:32:07+02:00
 vi 	 false 	 2013-07-12T05:32:21+02:00
 en 	 true 	 2013-07-12T05:32:25+02:00
 vi 	 true 	 2013-07-12T05:32:46+02:00
 en 	 false 	 2013-07-12T05:33:03+02:00
 en 	 false 	 2013-07-12T05:33:45+02:00
 en 	 true 	 2013-07-12T05:34:03+02:00
 en 	 true 	 2013-07-12T05:34:37+02:00
 vi 	 true 	 2013-07-12T05:35:55+02:00
 vi 	 true 	 2013-07-12T05:35:59+02:00
 vi 	 true 	 2013-07-12T05:36:47+02:00
 fr 	 true 	 2013-07-12T05:36:57+02:00
 en 	 false 	 2013-07-12T05:37:18+02:00
 vi 	 true 	 2013-07-12T05:39:38+02:00
 vi 	 true 	 2013-07-12T05:39:46+02:00
 vi 	 true 	 2013-07-12T05:40:57+02:00
 vi 	 true 	 2013-07-12T05:41:57+02:00
 en 	 true 	 2013-07-12T05:43:25+02:00
 vi 	 false 	 2013-07-12T05:57:52+02:00
 vi 	 false 	 2013-07-12T05:58:59+02:00
 vi 	 true 	 2013-07-12T06:07:23+02:00
 vi 	 false 	 2013-07-12T06:08:16+02:00
 vi 	 true 	 2013-07-12T06:11:27+02:00
 vi 	 true 	 2013-07-12T06:11:40+02:00
 vi 	 true 	 2013-07-12T06:13:30+02:00
 fr 	 true 	 2013-07-12T06:15:24+02:00
 vi 	 true 	 2013-07-12T06:16:05+02:00
 vi 	 true 	 2013-07-12T06:18:47+02:00
 vi 	 true 	 2013-07-12T06:26:08+02:00
 vi 	 true 	 2013-07-12T06:28:02+02:00
 vi 	 true 	 2013-07-12T06:29:13+02:00
 vi 	 true 	 2013-07-12T06:30:00+02:00
 vi 	 true 	 2013-07-12T06:30:51+02:00
 vi 	 true 	 2013-07-12T06:31:52+02:00
 vi 	 true 	 2013-07-12T06:32:51+02:00
 vi 	 true 	 2013-07-12T06:33:12+02:00
 en 	 true 	 2013-07-12T06:34:56+02:00
 vi 	 true 	 2013-07-12T06:35:19+02:00
 vi 	 true 	 2013-07-12T06:37:04+02:00
 vi 	 true 	 2013-07-12T06:37:04+02:00
 vi 	 true 	 2013-07-12T06:39:00+02:00
 vi 	 true 	 2013-07-12T06:39:46+02:00
 vi 	 true 	 2013-07-12T06:40:25+02:00
 vi 	 true 	 2013-07-12T06:40:33+02:00
 vi 	 true 	 2013-07-12T06:40:35+02:00
 vi 	 false 	 2013-07-12T06:42:37+02:00
 vi 	 true 	 2013-07-12T06:48:51+02:00
 vi 	 false 	 2013-07-12T06:48:59+02:00
 en 	 false 	 2013-07-12T06:56:45+02:00
 vi 	 true 	 2013-07-12T06:57:14+02:00
 vi 	 true 	 2013-07-12T07:00:11+02:00
 vi 	 true 	 2013-07-12T07:01:38+02:00
 vi 	 true 	 2013-07-12T07:03:59+02:00
 vi 	 true 	 2013-07-12T07:11:01+02:00
 vi 	 true 	 2013-07-12T07:11:24+02:00
 vi 	 true 	 2013-07-12T07:11:39+02:00
 vi 	 true 	 2013-07-12T07:13:39+02:00
 vi 	 true 	 2013-07-12T07:17:27+02:00
 vi 	 true 	 2013-07-12T07:18:35+02:00
 vi 	 true 	 2013-07-12T07:24:04+02:00
 vi 	 true 	 2013-07-12T07:25:56+02:00
 vi 	 true 	 2013-07-12T07:26:35+02:00
 vi 	 true 	 2013-07-12T07:30:59+02:00
 vi 	 true 	 2013-07-12T07:40:16+02:00
 vi 	 false 	 2013-07-12T07:41:17+02:00
 vi 	 true 	 2013-07-12T07:41:20+02:00
 vi 	 true 	 2013-07-12T07:42:52+02:00
 vi 	 true 	 2013-07-12T07:43:32+02:00
 vi 	 true 	 2013-07-12T07:44:02+02:00
 vi 	 true 	 2013-07-12T07:51:34+02:00
 vi 	 true 	 2013-07-12T07:52:46+02:00
 vi 	 true 	 2013-07-12T08:02:26+02:00
 vi 	 true 	 2013-07-12T08:02:51+02:00
 vi 	 true 	 2013-07-12T08:04:17+02:00
 vi 	 true 	 2013-07-12T08:04:18+02:00
 vi 	 false 	 2013-07-12T08:07:57+02:00
 vi 	 true 	 2013-07-12T08:10:49+02:00
 vi 	 true 	 2013-07-12T08:11:28+02:00
 vi 	 true 	 2013-07-12T08:20:09+02:00
 en 	 true 	 2013-07-12T08:21:03+02:00
 vi 	 true 	 2013-07-12T08:22:54+02:00
 vi 	 true 	 2013-07-12T08:23:38+02:00
 vi 	 false 	 2013-07-12T08:23:43+02:00
 vi 	 false 	 2013-07-12T08:24:08+02:00
 vi 	 false 	 2013-07-12T08:32:48+02:00
 vi 	 true 	 2013-07-12T08:37:25+02:00
 vi 	 true 	 2013-07-12T08:40:35+02:00
 vi 	 true 	 2013-07-12T08:43:59+02:00
 vi 	 true 	 2013-07-12T08:56:14+02:00
 en 	 true 	 2013-07-12T09:10:52+02:00
 vi 	 true 	 2013-07-12T09:13:10+02:00
 vi 	 true 	 2013-07-12T09:16:30+02:00
 vi 	 false 	 2013-07-12T09:20:35+02:00
 vi 	 true 	 2013-07-12T09:20:36+02:00
 vi 	 true 	 2013-07-12T09:20:37+02:00
 vi 	 true 	 2013-07-12T09:20:38+02:00
 vi 	 true 	 2013-07-12T09:23:49+02:00
 vi 	 true 	 2013-07-12T09:25:13+02:00
 vi 	 true 	 2013-07-12T09:25:14+02:00
 en 	 true 	 2013-07-12T09:25:50+02:00
 vi 	 true 	 2013-07-12T09:30:45+02:00
 vi 	 true 	 2013-07-12T09:32:01+02:00
 vi 	 true 	 2013-07-12T09:38:10+02:00
 vi 	 false 	 2013-07-12T09:49:58+02:00
 vi 	 true 	 2013-07-12T09:51:42+02:00
 vi 	 true 	 2013-07-12T09:53:49+02:00
 vi 	 true 	 2013-07-12T09:59:13+02:00
 en 	 true 	 2013-07-12T10:00:50+02:00
 vi 	 true 	 2013-07-12T10:00:54+02:00
 vi 	 true 	 2013-07-12T10:02:15+02:00
 vi 	 true 	 2013-07-12T10:11:28+02:00
 vi 	 true 	 2013-07-12T10:14:44+02:00
 vi 	 true 	 2013-07-12T10:22:18+02:00
 vi 	 false 	 2013-07-12T10:27:32+02:00
 vi 	 true 	 2013-07-12T10:34:20+02:00
 en 	 true 	 2013-07-12T10:51:07+02:00
 vi 	 true 	 2013-07-12T10:52:23+02:00
 vi 	 true 	 2013-07-12T10:54:44+02:00
 vi 	 false 	 2013-07-12T10:55:20+02:00
 vi 	 true 	 2013-07-12T10:57:32+02:00
 en 	 true 	 2013-07-12T11:24:08+02:00
 en 	 true 	 2013-07-12T11:37:22+02:00
 vi 	 true 	 2013-07-12T11:39:12+02:00
 vi 	 false 	 2013-07-12T11:42:03+02:00
 vi 	 false 	 2013-07-12T11:44:45+02:00
 en 	 true 	 2013-07-12T11:47:04+02:00
 vi 	 true 	 2013-07-12T12:15:08+02:00
 vi 	 true 	 2013-07-12T12:21:50+02:00
 vi 	 true 	 2013-07-12T12:26:48+02:00
 vi 	 true 	 2013-07-12T12:26:51+02:00
 vi 	 true 	 2013-07-12T12:29:04+02:00
 vi 	 true 	 2013-07-12T12:34:01+02:00
 vi 	 true 	 2013-07-12T12:42:04+02:00
 vi 	 true 	 2013-07-12T12:42:48+02:00
 vi 	 true 	 2013-07-12T12:48:46+02:00
